recordId	한글명	스타일태그	시그니처 시스템
rec2TVw75b4AONjQ5	크레이그 존스	레그락	SLX, 레그락
recBJHkMV2xJ2O2Hh	마이키 무수메시	하이브리드	K가드, RDLR, 매트릭스 백테이크
recF6GerAPtr1HIjj	로저 그레이시	기본기	클로즈드가드, 마운트, 크로스초크
recKkQ0so0zhNMVN4	부셰샤	패싱	마운트, 패싱
recLKjAG2ER82V8C2	라파엘 멘데스	가드	데라리바, 베림볼로
recNlBU8ydgmIaNO6	라클란 자일스	레그락	힐훅, FF/SLX
recQaHA3TEEKGHGhJ	미카 갈바오	가드|패싱	클로즈드가드 백테이크, 가드패싱
recULMLJ1l6t7ljTI	고든 라이언	레그락|백시스템	백 컨트롤, 레그락
reccxwyAH6feJeCfT	아담 와르진스키	가드	버터플라이가드, 스윕
receWCXuLUVyoOM4n	라이언 홀	50/50	50/50, 백사이드 50/50
recjRbC4XwwiMKWNh	마르셀로 가르시아	가드|백시스템	버터플라이가드, X가드, 백테이크
recllgUJ1rcdNWTzU	안드레 갈바오	패싱	가드패싱, 탑 컨트롤
