recordId	기술ID	한글명	영문명	타입	부모ID	스트림	대표선수
rec084gzs2lLWLvTl	CG-14	오버훅 클로즈드 가드	Overhook Closed Guard	컨트롤	CG	가드 포지션	recF6GerAPtr1HIjj
rec0KWm1fTzQR5rIV	GP	가드 패싱	Guard Passing	컨트롤		탑 포지션	
rec0KprDLSWwF4of7	GP-13	토레안도 패스	Torreando Pass	패스	GP	탑 포지션	recllgUJ1rcdNWTzU
rec0Q4tavN4pBQUCp	NS-03	암바 (노스-사우스)	Armbar from North-South	서브미션	NS	탑 포지션	
rec0bLrusJTGf4lGx	LS-23	라소 → DLR 전환	Lasso to De La Riva	전환	LS	가드 포지션	
rec0pQRpjzjOTZ5T6	KNB-20	니 온 벨리 기본 컨트롤	Basic Knee on Belly Control	컨트롤	KNB	탑 포지션	
rec1CY87MGZ3RRW8R	HG-11	하프 가드 길로틴	Half Guard Guillotine	서브미션	HG	가드 포지션	
rec1eQfui0Wnm241n	XG-05	노크백 스윕	Knock Back Sweep	스윕	XG	가드 포지션	recjRbC4XwwiMKWNh
rec1q7Z3sObg6FkA1	MT-04	암 트라이앵글 (마운트)	Arm Triangle from Mount	서브미션	MT	탑 포지션	recF6GerAPtr1HIjj
rec2EYKstnQ3WzlOe	BC-06	숏 초크	Short Choke	서브미션	BC	탑 포지션	
rec2MAZzfz3qV1QAh	SC-06	아나콘다 초크	Anaconda Choke	서브미션	SC	탑 포지션	recKkQ0so0zhNMVN4
rec2MqMtl5eoQsO8L	SLX-01	힙범프 스윕	Hip Bump Sweep (Technical Stand-Up)	스윕	SLX	가드 포지션	
rec2Ty9v9vSA9gg0Q	GBBF	버터플라이 가드 브레이크	Butterfly Guard Breaking	패스	GB	탑 포지션	
rec2UvHEICi2c3ruO	HG-23	록다운	Lockdown	컨트롤	HG	가드 포지션	
rec2ixjUrhgUczsgN	KNBE-01	니 그랩 + 프레임	Knee Grab + Frame	서바이벌	KNBE	이스케이프	
rec2w3S9mrS1IeUef	GP-20	패스 → 사이드 컨트롤 전환	Pass to Side Control	전환	GP	탑 포지션	
rec33mpdxB1ZvmJyO	BF-22	암 드래그 → 백 테이크	Arm Drag to Back Take	전환	BF	가드 포지션	recjRbC4XwwiMKWNh
rec3B3ABurjoxsztm	BF-01	기본 버터플라이 스윕	Butterfly Sweep	스윕	BF	가드 포지션	reccxwyAH6feJeCfT
rec3L2gASKXOgXf3b	FF-23	백 테이크 전환	Back Take Transition	전환	FF	가드 포지션	recLKjAG2ER82V8C2
rec3PkHa5jFsw5lgv	FF	50/50 가드	50/50 Guard	컨트롤		가드 포지션	
rec3VZrDKZuCE9xdE	BC-03	암바 (백 컨트롤)	Armbar from Back Control	서브미션	BC	탑 포지션	recULMLJ1l6t7ljTI
rec3oUo7LqMOHsfuF	SC-01	기무라 (사이드 컨트롤)	Kimura from Side Control	서브미션	SC	탑 포지션	
rec3tWO3ce6zgXss0	KNB-05	스피닝 암바	Spinning Armbar (Knee on Belly)	서브미션	KNB	탑 포지션	
rec4V9m6mZ4I6oG2x	TD-10	바디락 슬램	Body Lock Slam	테이크다운	TD	스탠딩	
rec4aUlCQKPzzugtA	HG	하프 가드	Half Guard	컨트롤		가드 포지션	
rec50aRIdyJIxBXDQ	SP-01	시저 타입 스윕	Scissor-Type Sweep	스윕	SP	가드 포지션	
rec5PQjlYRPNSuB2S	SG-22	새들 → 50/50 전환	Saddle to 50/50 Transition	전환	SG	가드 포지션	rec2TVw75b4AONjQ5
rec5uIxQGjp3i6hxm	BF-11	버터플라이 트라이앵글 셋업	Butterfly Triangle Setup	서브미션	BF	가드 포지션	reccxwyAH6feJeCfT
rec5zCNBj6Txx7RXr	FF-13	토홀드	Toe Hold	서브미션	FF	가드 포지션	
rec6FZlRNqRuGqsKm	NSE-10	그랜비 롤 이스케이프	Granby Roll Escape	이스케이프	NSE	이스케이프	
rec6KKA58z5uZVMli	BC-02	보우 앤 애로우 초크	Bow and Arrow Choke	서브미션	BC	탑 포지션	
rec6cp0AKlVUNH9wr	LS-12	라소 암바	Lasso Armbar	서브미션	LS	가드 포지션	
rec6tVfKnDm0nCUPc	BD-20	하프가드 리커버리	Half Guard Recovery	전환	BD	이스케이프	
rec7QFi02pi6BurjJ	GP-19	롱 스텝 패스	Long Step Pass	패스	GP	탑 포지션	recKkQ0so0zhNMVN4
rec7VNWbK7XGZvKCN	XG-22	크로스 사이드 X 백 테이크	Cross Side X Back Take	전환	XG	가드 포지션	recjRbC4XwwiMKWNh
rec7dKKDlZ4LXqZz8	SCE-13	러닝맨 이스케이프	Running Man Escape	이스케이프	SCE	이스케이프	
rec7h4iaYvKDEyzbB	HG-02	딘 하프 웨이터 스윕	Deep Half Waiter Sweep	스윕	HG	가드 포지션	
rec7jJfuK4dLTDjC3	KG-23	RDLR 전환	RDLR Transition from K Guard	전환	KG	가드 포지션	recBJHkMV2xJ2O2Hh
rec7liT3mrBkgNMUc	CG-12	하이 엘보우 길로틴	High Elbow Guillotine	서브미션	CG	가드 포지션	recjRbC4XwwiMKWNh
rec81oRsAMtn9CbVO	KNBE-12	딥 하프가드 전환 진입	Deep Half Guard Entry	이스케이프	KNBE	이스케이프	
rec85fZy6PewPokfR	BF-02	숄더 크런치 수미가에시	Shoulder Crunch Sumi Gaeshi	스윕	BF	가드 포지션	reccxwyAH6feJeCfT
rec894LTxWw6LugTH	RDLR-24	DLR 전환	DLR Transition from RDLR	전환	RDLR	가드 포지션	recBJHkMV2xJ2O2Hh
rec8sAxjB5uwMvPJF	SCE-02	벨트라인 프레임	Belt Line Frame	서바이벌	SCE	이스케이프	
rec94e6i1fQUWRG6C	CG-03	펜듈럼 스윕	Pendulum Sweep	스윕	CG	가드 포지션	recF6GerAPtr1HIjj
rec9Ard2mEfaKh9sb	BD-21	역전 → 탑 포지션 전환	Reversal to Top Position	전환	BD	이스케이프	
rec9ClHtS13iykcSy	HG-14	하프가드 앵클락	Half Guard Ankle Lock	서브미션	HG	가드 포지션	
rec9P6R468vSgLAtH	SC-02	암바 (사이드 컨트롤)	Armbar from Side Control	서브미션	SC	탑 포지션	
rec9QZ01K5LBaAiNH	SLX-21	아웃사이드 아시 전환	SLX to Outside Ashi Garami	전환	SLX	가드 포지션	rec2TVw75b4AONjQ5
rec9RtiLbOmU1q8LQ	NS-21	크루시픽스 컨트롤	Crucifix Control	컨트롤	NS	탑 포지션	recjRbC4XwwiMKWNh
rec9YZqH5CzSx9Irt	ME-01	기본 프레임 & 플랫백 방지	Basic Frame & Flat Back Prevention	서바이벌	ME	이스케이프	
rec9vfx052gLKgSYK	HG-22	딘 하프 가드	Deep Half Guard	전환	HG	가드 포지션	
rec9vwSkcrvYUnM41	DLR	데라리바 가드	De La Riva Guard	컨트롤		가드 포지션	
recABmxAe9PfqtYfu	SLX-23	인사이드 아시 / 새들 전환	Inside Ashi / Saddle Transition	전환	SLX	가드 포지션	rec2TVw75b4AONjQ5
recAqDTiHQ5QIyskh	SP-12	스파이더 암바	Spider Guard Armbar	서브미션	SP	가드 포지션	
recBKSAGmSfL8ZRzt	SP-20	스파이더 기본 컨트롤	Spider Guard Control	컨트롤	SP	가드 포지션	
recBipKjq7KwyknnY	SC	사이드 컨트롤	Side Control	컨트롤		탑 포지션	
recBwtqFhhlViBP5r	LS-06	토네이도 스윕	Tornado Sweep	스윕	LS	가드 포지션	
recCNxnTjIKTCzTn6	TD-12	우치 마타	Uchi Mata	테이크다운	TD	스탠딩	
recCWgTUbQDuy8Y2C	BF-23	하프 버터플라이	Half Butterfly Guard	컨트롤	BF	가드 포지션	reccxwyAH6feJeCfT
recCkh600cW5MysEo	SG-20	새들 기본 컨트롤	Saddle Basic Control	컨트롤	SG	가드 포지션	rec2TVw75b4AONjQ5
recCmRkBwRIyebg91	KG-24	마이키 락 (넥핏 인사이드 힐훅)	Mikey Lock (Neck-Pit Inside Heel Hook)	서브미션	KG	가드 포지션	recBJHkMV2xJ2O2Hh
recCnRQ9doGv59KmB	TD-21	러시안 타이	Russian Tie (2-on-1)	전환	TD	스탠딩	
recCuEq8ZmQOI30ym	LS-05	인버티드 라소 스윕	Inverted Lasso Sweep	스윕	LS	가드 포지션	
recDjUoVOgB1FnGpn	BC-10	마운트 전환 (백에서)	Back to Mount Transition	전환	BC	탑 포지션	recULMLJ1l6t7ljTI
recDkOsz6GQHT2OOl	BD-02	바디 트라이앵글 방어	Body Triangle Defense	서바이벌	BD	이스케이프	
recDnhCEnFWa6rMBU	GP-24	폴딩 패스	Folding Pass	패스	GP	탑 포지션	recKkQ0so0zhNMVN4
recE2DV2wB0Uc6KkC	GP-17	X-패스	X-Pass	패스	GP	탑 포지션	
recE6GXMzpZXdCvs1	KG-11	인사이드 힐훅	Inside Heel Hook from K Guard	서브미션	KG	가드 포지션	recNlBU8ydgmIaNO6
recE88rdNVF2ovQHo	FF-12	인사이드 힐훅 (백사이드 50/50)	Inside Heel Hook (Backside 50/50)	서브미션	FF	가드 포지션	receWCXuLUVyoOM4n
recENllxsAf1hbi6i	ME-10	브릿지 & 롤 (움파)	Bridge and Roll (Upa Escape)	이스케이프	ME	이스케이프	
recEPc4wIPDZWKs9J	GP-11	싱글 언더 패스	Single Under Pass	패스	GP	탑 포지션	
recEc7woE4PejhkKd	CG-21	클로즈드가드 백테이크	Closed Guard Back Take	전환	CG	가드 포지션	recQaHA3TEEKGHGhJ
recEjy3nF2XVJil3e	TD-22	언더훅 배틀	Underhook Battle	전환	TD	스탠딩	
recEkFCsbZovFZTOt	SC-05	스피닝 암바	Spinning Armbar (Side Control)	서브미션	SC	탑 포지션	
recEpreBZo0i8V5Tq	MT	마운트	Mount	컨트롤		탑 포지션	
recEr7BvkMKhflPdG	SP-02	밸런 스윕	Balloon Sweep	스윕	SP	가드 포지션	
recEtwuLXxKceky5p	MT-21	하이 마운트	High Mount	컨트롤	MT	탑 포지션	recF6GerAPtr1HIjj
recF1MGSCWfH8IddH	GP-22	패스 → 백 테이크 전환	Pass to Back Take	전환	GP	탑 포지션	recQaHA3TEEKGHGhJ
recF9Hlze61XImvHo	GBDLR-01	DLR 훅 제거	DLR Hook Removal	패스	GBDLR	탑 포지션	
recFPriP9uscRw5Bh	MT-11	기프트랩 → 백테이크	Gift Wrap to Back Take	전환	MT	탑 포지션	recF6GerAPtr1HIjj
recFgINuGzTH4Eqa8	RDLR-21	키스 오브 더 드래곤 백테이크	Kiss of the Dragon Back Take	전환	RDLR	가드 포지션	recBJHkMV2xJ2O2Hh
recFk50otmbGHtEUk	KG-22	SLX 전환	SLX Transition from K Guard	전환	KG	가드 포지션	recNlBU8ydgmIaNO6
recG52UXsSe4djCU5	RDLR-23	K가드 전환	K Guard Transition from RDLR	전환	RDLR	가드 포지션	recBJHkMV2xJ2O2Hh
recGsnsCiKc7LqMQC	ME-11	엘보우-니 이스케이프	Elbow-Knee Escape	이스케이프	ME	이스케이프	
recH5MD8Nr07I1Oeh	NSE-11	고스트 싷아웃	Ghost Sit-Out	이스케이프	NSE	이스케이프	
recHCijKsmE6kMjzc	GP-10	더블 언더 패스	Double Under Pass	패스	GP	탑 포지션	recKkQ0so0zhNMVN4
recHJ7r8Z8NBWwprs	XG-20	X가드 기본 컨트롤	X Guard Basic Control	컨트롤	XG	가드 포지션	recjRbC4XwwiMKWNh
recHbu3msUfezydXB	BF-10	버터플라이 길로틴 트랩	Butterfly Guillotine Trap	서브미션	BF	가드 포지션	reccxwyAH6feJeCfT
recHj3j739gDeLEdI	GBBF-03	더블 언더 진입	Double Under Entry	패스	GBBF	탑 포지션	
recIIG4E55XiUYHoZ	CG-17	오버훅 오모플라타	Omoplata	서브미션	CG	가드 포지션	recF6GerAPtr1HIjj
recIQEbd0mxp1oNV2	SC-20	사이드 컨트롤 기본 컨트롤	Basic Side Control	컨트롤	SC	탑 포지션	
recIZjNWsmYXMjLzx	SG-12	새들 니바	Saddle Kneebar	서브미션	SG	가드 포지션	rec2TVw75b4AONjQ5
recIlVQnvvOyuhjpy	BF-05	훅 스윕	Hook Sweep	스윕	BF	가드 포지션	reccxwyAH6feJeCfT
recJ4NlVrzScBfk1N	SP-11	스파이더 오모플라타	Spider Guard Omoplata	서브미션	SP	가드 포지션	
recJ83EdAQlqUuMrd	CG-11	암바	Armbar	서브미션	CG	가드 포지션	recF6GerAPtr1HIjj
recJD2NWRjBw7FKU8	HG-16	일렉트릭 체어 토홀드	Electric Chair Toe Hold	서브미션	HG	가드 포지션	
recJD5rSuptIGwwRO	GBBF-01	훅 압박 브레이크	Hook Pressure Break	패스	GBBF	탑 포지션	
recJPxkXHB9jBPm1V	GBLS-01	라소 훅 제거	Lasso Hook Removal	패스	GBLS	탑 포지션	
recJUCza3McCEykB1	XG-04	킥오버 스윕	Kick Over Sweep	스윕	XG	가드 포지션	recjRbC4XwwiMKWNh
recJdDT6OBAwrESvu	NS	노스-사우스	North-South	컨트롤		탑 포지션	
recJfhm3eulQz7BLR	KG-01	기본 K가드 스윕	Basic K Guard Elevator Sweep	스윕	KG	가드 포지션	recNlBU8ydgmIaNO6
recJlKSEkEBa60iDp	KNB-01	암바 (니 온 벨리)	Armbar from Knee on Belly	서브미션	KNB	탑 포지션	
recJrHAkxSGSaF2u4	RDLR-22	베림볼로	Berimbolo from RDLR	전환	RDLR	가드 포지션	recLKjAG2ER82V8C2
recK1N4Iy71KTbNUK	CG-18	오버훅 키무라	Overhook Kimura	서브미션	CG	가드 포지션	recF6GerAPtr1HIjj
recK499TQX8MnKZ6U	SCE-21	터틀 전환	Turtle Transition	전환	SCE	이스케이프	
recKKEOR6W2rUlxGd	BC	백 컨트롤	Back Control	컨트롤		탑 포지션	
recKU3Xl0w1dZs0lL	GP-18	카트휠 패스	Cartwheel Pass	패스	GP	탑 포지션	recllgUJ1rcdNWTzU
recKU9x5rFCmLNGgM	GBCG-02	무릅 압박 브레이크	Knee Pressure Break	패스	GBCG	탑 포지션	
recKVlkVNMdRfGp1T	BF	버터플라이 가드	Butterfly Guard	컨트롤		가드 포지션	
recKgFrgQqiTHnQEH	GBDLR-02	레그드래그 진입	Leg Drag Entry	패스	GBDLR	탑 포지션	
recKrkQpR3ZxCLP9P	BF-04	싱글 언더훅 엘리베이터 스윕	Single Underhook Elevator Sweep	스윕	BF	가드 포지션	reccxwyAH6feJeCfT
recL5xZdiZydlAjuy	MT-03	기무라 (마운트)	Kimura from Mount	서브미션	MT	탑 포지션	recF6GerAPtr1HIjj
recLb1G2yFdAHs1F5	SLX-12	인사이드 힐훅	Inside Heel Hook	서브미션	SLX	가드 포지션	recULMLJ1l6t7ljTI
recLtt3DRhI7MPdxz	GB	가드 브레이크	Guard Breaking	패스		탑 포지션	
recLun9OsvZ5QFt4C	SCE-01	크로스페이스 방어 + 기본 프레임	Cross-face Defense + Basic Frame	서바이벌	SCE	이스케이프	
recM5m3ZkZRQrsToQ	ZG-20	Z가드 베이팅 컨트롤	Z-Guard Baiting Control	컨트롤	ZG	가드 포지션	rec2TVw75b4AONjQ5
recMIk0C36tRZcxHx	HG-01	올드 스쿨 스윕	Old School Sweep	스윕	HG	가드 포지션	
recMYY4cFED7mav83	TD-05	칼라 드래그	Collar Drag Takedown	테이크다운	TD	스탠딩	
recMZxaRVSzZocCOb	BC-04	기무라 (백 컨트롤)	Kimura from Back Control	서브미션	BC	탑 포지션	
recMhgvoadKp08h4K	HG-24	하프 버터플라이 가드	Half Butterfly Guard	컨트롤	HG	가드 포지션	
recMz0go6koxmXW3D	GP-21	패스 → 마운트 전환	Pass to Mount	전환	GP	탑 포지션	recF6GerAPtr1HIjj
recN3hK8SSsm73jon	TD-02	싱글 레그 테이크다운	Single Leg Takedown	테이크다운	TD	스탠딩	
recNBCfhfVIrv8NNG	KNB	니 온 벨리	Knee on Belly	컨트롤		탑 포지션	
recNVOiABapM4cmWm	SLX-20	SLX 기본 컨트롤	SLX Basic Control	컨트롤	SLX	가드 포지션	rec2TVw75b4AONjQ5
recNcIKMA87tluZAo	SLX-03	더블 앵클 스윕	Double Ankle Sweep	스윕	SLX	가드 포지션	
recO4aF4rqafN3UJC	GP-25	니슬라이드 프레셔 패스	Polish Power Knee Slide Pass	패스	GP	탑 포지션	
recOEmMj9EwsQeLz8	ZG	Z가드 (니실드 가드)	Z-Guard (Knee Shield Guard)	컨트롤		가드 포지션	rec2TVw75b4AONjQ5
recOG940aTmWeHKGK	LS-21	암 드래그 백 테이크	Arm Drag to Back Take	전환	LS	가드 포지션	
recOZ3w9CzOdtDmC9	FF-03	베림볼로 스윕	Berimbolo Sweep	스윕	FF	가드 포지션	recLKjAG2ER82V8C2
recOd8buYuL95Qtdd	LS-03	피시 훅 스윕	Fish Hook Sweep	스윕	LS	가드 포지션	
recPOBHpYmTEmCYuQ	SLX-14	싱글 레그 X 니바	SLX Kneebar	서브미션	SLX	가드 포지션	rec2TVw75b4AONjQ5
recPSOZRiikAoZEok	HG-04	일렉트릭 체어 스윕	Electric Chair Sweep	스윕	HG	가드 포지션	
recPUGJ3Af7AHQvRh	TD-06	스냅다운	Snap Down	테이크다운	TD	스탠딩	
recPXBTsIMpX2wHfI	DLR-21	바비볼로	Babybolo	전환	DLR	가드 포지션	recBJHkMV2xJ2O2Hh
recPYIx1P0VO1sHuX	BC-21	바디 트라이앵글 컨트롤	Body Triangle Back Control	컨트롤	BC	탑 포지션	recULMLJ1l6t7ljTI
recPu87kMhnkMTe9T	SG-21	새들 → SLX 전환	Saddle to SLX Transition	전환	SG	가드 포지션	rec2TVw75b4AONjQ5
recQ2NzMjZoe9TISv	BC-22	스트레이트 자켓 컨트롤	Straight Jacket Control	컨트롤	BC	탑 포지션	
recQCMxHRU9jrT17K	KNB-10	마운트 전환 (니 온 벨리)	Knee on Belly to Mount	전환	KNB	탑 포지션	
recQnBQA7hAccA1Yl	SLX-04	발룬 스윕	Balloon Sweep	스윕	SLX	가드 포지션	
recQs01oL1uI4lTNQ	XG-06	크로스 사이드 X 스윕	Cross Side X Sweep	스윕	XG	가드 포지션	recjRbC4XwwiMKWNh
recRIChKFkSFLsMeq	GBSP-02	무릅 워크 브레이크	Knee Walk Break	패스	GBSP	탑 포지션	
recRQ9CxeJ2eCNY7H	SC-11	백 테이크 (사이드에서)	Back Take from Side Control	전환	SC	탑 포지션	
recRWcfj2nvPunMES	DLR-04	리버스 DLR 스윕	Reverse DLR Sweep	스윕	DLR	가드 포지션	recllgUJ1rcdNWTzU
recRmzDAThWlsZFg8	CG-01	힙범프 스윕	Hip Bump Sweep	스윕	CG	가드 포지션	recF6GerAPtr1HIjj
recS3ro0LiJPFfS3K	GBCG	클로즈드 가드 브레이크	Closed Guard Breaking	패스	GB	탑 포지션	
recSsdcuwrayCbTdH	CG	클로즈드 가드	Closed Guard	컨트롤		가드 포지션	
recT25tlB0GtV2uLr	NSE-20	터틀 전환	Turtle Transition	전환	NSE	이스케이프	
recTFkDJZBuOvdazs	KNB-03	크로스 초크 (니 온 벨리)	Cross Choke from Knee on Belly	서브미션	KNB	탑 포지션	
recTKt29Z2aLismuS	TD	테이크다운	Takedown	전환		스탠딩	
recTQrddC8oG9i6Xj	CG-10	크로스 초크	Cross Choke	서브미션	CG	가드 포지션	recF6GerAPtr1HIjj
recTRETvZacBOSSSu	MT-02	크로스 초크 (마운트)	Cross Choke from Mount	서브미션	MT	탑 포지션	recF6GerAPtr1HIjj
recUHZsrSfIUtCvlG	GBLS	라소 가드 브레이크	Lasso Guard Breaking	패스	GB	탑 포지션	
recUUzUxCDjeESJHS	BD-12	턴인 이스케이프	Turn-In Escape	이스케이프	BD	이스케이프	
recUoVBCEk3MoRFiX	HG-20	언더훅 하프 가드	Underhook Half Guard	컨트롤	HG	가드 포지션	
recV7yK2krAEyLsaF	BF-03	더블 언더훅 바디락 스윕	Double Underhook Body Lock Sweep	스윕	BF	가드 포지션	reccxwyAH6feJeCfT
recVVUQUDdk0tbRIK	ME	마운트 이스케이프	Mount Escape	이스케이프		이스케이프	
recVVyed9soQ6aNln	RDLR-01	기본 RDLR 스윕	Basic Reverse De La Riva Sweep	스윕	RDLR	가드 포지션	recBJHkMV2xJ2O2Hh
recVaQiQFLok59vuN	SCE-20	하프가드 리커버리	Half Guard Recovery	전환	SCE	이스케이프	
recVuz3BNUQexiiWE	GP-01	패싱 중 길로팀 카운터	Counter Guillotine During Guard Pass	패스	GP	탑 포지션	recKkQ0so0zhNMVN4
recWEOJMdZldcwP0I	FF-24	SLX 전환	SLX Transition	전환	FF	가드 포지션	
recWPhJKHnhyD5Xov	FF-11	아웃사이드 힐훅	Outside Heel Hook	서브미션	FF	가드 포지션	recNlBU8ydgmIaNO6
recWeY9fesTVdJq0O	FF-22	80/20 포지션 전환	80/20 Position Transition	전환	FF	가드 포지션	recNlBU8ydgmIaNO6
recWiqtnjChJipFip	SP-23	스파이더 → 베림볼로 백테이크	Spider to Berimbolo Back Take	전환	SP	가드 포지션	
recWm3LAqxjE51nqI	SLX	싱글 레그 X가드	Single Leg X Guard	컨트롤		가드 포지션	
recXicWLysybsczpN	RDLR-02	레그드래그 스윕	Leg Drag Sweep from RDLR	스윕	RDLR	가드 포지션	
recXy3u0RhAwxgA3A	GP-16	스매시 패스	Smash Pass	패스	GP	탑 포지션	recKkQ0so0zhNMVN4
recYJ8Un6FLCRZBsc	XG-03	원거리 발목 스윕	Far Ankle Sweep	스윕	XG	가드 포지션	recjRbC4XwwiMKWNh
recZGvJtYcDsXP7Oh	XG-01	스탠드업 스윕	Technical Stand Up Sweep	스윕	XG	가드 포지션	recjRbC4XwwiMKWNh
recZPunFEdeXwMfKT	LS-04	수미가에시	Sumi Gaeshi from Lasso	스윕	LS	가드 포지션	
recZV0a3kU5TX5tpy	HG-05	딥 하프 진입	Deep Half Entry	컨트롤	HG	가드 포지션	
recZowhwFiqLUQaBQ	BD-11	숙더 롤 이스케이프	Shoulder Roll Escape	이스케이프	BD	이스케이프	
reca8nqMYV6k7yzRe	SG	새들 가드	Saddle Guard (Inside Sankaku / Honey Hole / 411)	컨트롤		가드 포지션	
recaGVJcq2gvpOXtD	ME-20	하프가드 리커버리	Half Guard Recovery from Mount	전환	ME	이스케이프	
recaSZyHIJAvOqrfm	KNB-02	기무라 (니 온 벨리)	Kimura from Knee on Belly	서브미션	KNB	탑 포지션	
recajk8iUqdeS58Wf	CG-20	클로즈드 가드 기본 컨트롤·자세	Closed Guard Basic Control	컨트롤	CG	가드 포지션	recF6GerAPtr1HIjj
recawCRqNqALjzGoJ	GBDLR-03	오버훅 니 컷	Overhook Knee Cut	패스	GBDLR	탑 포지션	
recb5AhOE1w6EqaP9	BF-24	버터플라이 기본 컨트롤·자세	Butterfly Guard Basic Control	컨트롤	BF	가드 포지션	reccxwyAH6feJeCfT
recbJt1ssnRUksaZX	KG-02	X가드 전환 스윕	X Guard Transition Sweep from K Guard	스윕	KG	가드 포지션	recNlBU8ydgmIaNO6
recbKgvri0tsEMDmK	BD-10	훅 제거 → 사이드 이스케이프	Hook Removal to Side Escape	이스케이프	BD	이스케이프	
recbcnGFiIUPKRSxi	DLR-20	베림볼로 백 테이크	Berimbolo Back Take	전환	DLR	가드 포지션	recLKjAG2ER82V8C2
recbhKYSh83gN78NO	NS-20	노스-사우스 기본 컨트롤	Basic North-South Control	컨트롤	NS	탑 포지션	
recc8Js9qAYq05zqh	BD-01	핸드 파이팅 & 초크 방어	Hand Fighting & Choke Defense	서바이벌	BD	이스케이프	
reccKDpRnyJdosp3C	XG-23	레그드래그 전환	X Guard Leg Drag	전환	XG	가드 포지션	recjRbC4XwwiMKWNh
reccY7YQ7H6E2KwrZ	SC-10	마운트 전환 (사이드에서)	Side Control to Mount	전환	SC	탑 포지션	
reccr0KPfI0FgXv3b	FF-10	스트레이트 앵클락	Straight Ankle Lock	서브미션	FF	가드 포지션	recNlBU8ydgmIaNO6
reccuRUYrndHzrpAi	SLX-13	토홀드	Toe Hold	서브미션	SLX	가드 포지션	rec2TVw75b4AONjQ5
recd12IU9tF5XASYX	FF-02	백스텝 스윕	Back Step Sweep	스윕	FF	가드 포지션	recNlBU8ydgmIaNO6
recd8VrzH661dw8F2	KG	K가드	K Guard	컨트롤		가드 포지션	
recd8XXzYfU9DGLJb	MT-20	마운트 기본 컨트롤	Basic Mount Control	컨트롤	MT	탑 포지션	recF6GerAPtr1HIjj
recdOF6ZHCe4U3Nup	FF-15	50/50 니바	50/50 Kneebar	서브미션	FF	가드 포지션	receWCXuLUVyoOM4n
recdWKUXJgX58UWD2	MT-01	마운트 암바	Armbar from Mount	서브미션	MT	탑 포지션	recF6GerAPtr1HIjj
recdrP5UIMWOC99kv	GBCG-03	코브라 자세 브레이크	Cobra Posture Break	패스	GBCG	탑 포지션	
recdsFNhrR0PdQkYZ	KNBE-11	푸시 앤 싷업 이스케이프	Push and Sit-Up Escape	이스케이프	KNBE	이스케이프	
rece9V00Um8SQgSNY	SC-03	다르세 초크	D'Arce Choke from Side Control	서브미션	SC	탑 포지션	recKkQ0so0zhNMVN4
recebeUfGKqpy2igm	KG-10	아웃사이드 힐훅	Outside Heel Hook from K Guard	서브미션	KG	가드 포지션	recNlBU8ydgmIaNO6
recegpnA9wigx02fy	TD-04	하이 크로치	High Crotch	테이크다운	TD	스탠딩	
recepx2cOcBGYUqFw	GBLS-02	클럽 피스트	Club Fist Break	패스	GBLS	탑 포지션	
recezeuqIaUWPm1AP	KNB-12	사이드 컨트롤 전환 (니 온 벨리)	Knee on Belly to Side Control	전환	KNB	탑 포지션	
recf5Y1C7Gd3qp7dT	SP-04	스탠딩 상대 스파이더 스윕	Spider Sweep vs Standing	스윕	SP	가드 포지션	
recf9oImczuDgBqrc	LS-22	라소 싱글 레그 X 전환	Lasso to Single Leg X	전환	LS	가드 포지션	
recfTl61uQhP092SO	SP-05	인버티드 스파이더 스윕	Inverted Spider Sweep	스윕	SP	가드 포지션	
recfZe25jl6Em1Zr5	NS-12	백 테이크 (노스-사우스)	Back Take from North-South	전환	NS	탑 포지션	recULMLJ1l6t7ljTI
recfriwapXNVEvCIT	RDLR-03	싯업 스윕	Sit-Up Sweep from RDLR	스윕	RDLR	가드 포지션	
recfxw6HFTo3ufqWZ	CG-13	기무라	Kimura	서브미션	CG	가드 포지션	recF6GerAPtr1HIjj
recfyFzBSzeQTAkBN	CG-16	오버훅 트라이앵글	Overhook Triangle	서브미션	CG	가드 포지션	recF6GerAPtr1HIjj
recfynicXErVBliGL	SG-01	새들 힐훅 위협 스윕	Saddle Heel Hook Threat Sweep	스윕	SG	가드 포지션	rec2TVw75b4AONjQ5
recg0tCR8KtDRxDqw	NS-02	기무라 (노스-사우스)	Kimura from North-South	서브미션	NS	탑 포지션	
recg2BuXYTv5DxcOY	TD-01	더블 레그 테이크다운	Double Leg Takedown	테이크다운	TD	스탠딩	
recg39eiOw6HbnuRM	HG-21	니 쉐드 / Z가드	Knee Shield / Z-Guard	컨트롤	HG	가드 포지션	
recgGIAPgEtoU4GV3	NS-01	노스-사우스 초크	North-South Choke	서브미션	NS	탑 포지션	recjRbC4XwwiMKWNh
recgTC8kTCLNsPNPv	FF-21	아웃사이드 산카쿠 전환	Outside Sankaku Transition	전환	FF	가드 포지션	recNlBU8ydgmIaNO6
recgdQVqvg90rz9KR	FF-20	50/50 기본 컨트롤	50/50 Basic Control	컨트롤	FF	가드 포지션	recNlBU8ydgmIaNO6
recghE4i64bW6z8JY	DLR-02	싱글 레그 DLR 스윕	Single Leg DLR Sweep	스윕	DLR	가드 포지션	
recgk26xJW6HD5U1m	DLR-01	기본 DLR 스윕	Basic De La Riva Sweep	스윕	DLR	가드 포지션	
recgm7qpuzn4HVZ0q	TD-07	암 드래그	Arm Drag Takedown	테이크다운	TD	스탠딩	
recgxYsWSVWTGHHmQ	RDLR-20	RDLR 기본 컨트롤	Basic RDLR Control	컨트롤	RDLR	가드 포지션	recBJHkMV2xJ2O2Hh
rechJZ7dEIowgH3ct	MT-05	S-마운트 암바	Armbar from S-Mount	서브미션	MT	탑 포지션	recF6GerAPtr1HIjj
rechTNXY6AuxBE4GJ	RDLR-11	오모플라타	Omoplata from RDLR	서브미션	RDLR	가드 포지션	recBJHkMV2xJ2O2Hh
rechgUSeZto5pxmkp	SCE	사이드 컨트롤 이스케이프	Side Control Escape	이스케이프		이스케이프	
reci7Ptgkpj7cbPYE	NSE	노스-사우스 이스케이프	North-South Escape	이스케이프		이스케이프	
reciRZN4OuOlXOXyv	KG-20	K가드 기본 컨트롤	Basic K Guard Control	컨트롤	KG	가드 포지션	recNlBU8ydgmIaNO6
reciTSwWXzDfiN5id	RDLR-10	앵클락	Ankle Lock from RDLR	서브미션	RDLR	가드 포지션	recBJHkMV2xJ2O2Hh
reciUMU2HXldoblIe	XG-21	싱글 레그 X 전환	X Guard to Single Leg X Transition	전환	XG	가드 포지션	recjRbC4XwwiMKWNh
recid7Q7cLy362bJc	SLX-22	50/50 전환	SLX to 50/50 Transition	전환	SLX	가드 포지션	recULMLJ1l6t7ljTI
recigqlURVG9R5cGn	LS-02	스파이더-라소 콤보 스윕	Spider-Lasso Combo Sweep	스윕	LS	가드 포지션	
reciw2nra8unP99UO	SC-04	암 트라이앵글 (사이드 컨트롤)	Arm Triangle from Side Control	서브미션	SC	탑 포지션	
recjBH8aepDOhMmVP	KG-21	매트릭스 백테이크	Matrix Back Take from K Guard	전환	KG	가드 포지션	recBJHkMV2xJ2O2Hh
recjCcBtr4dqzu8fL	SP	스파이더 가드	Spider Guard	컨트롤		가드 포지션	
recjcGPggrDIkkU9a	GP-23	스택 패스	Stack Pass	패스	GP	탑 포지션	recllgUJ1rcdNWTzU
recjzoDuvucE67u2H	RDLR	리버스 데라리바 가드	Reverse De La Riva Guard	컨트롤		가드 포지션	
reck3UJFF48J4SGAl	LS-20	라소 기본 컨트롤	Lasso Guard Control	컨트롤	LS	가드 포지션	
reck6dpQDiyXELYqa	SG-11	새들 아웃사이드 힐훅	Saddle Outside Heel Hook	서브미션	SG	가드 포지션	rec2TVw75b4AONjQ5
reck86VHzhQEGc8TT	SG-23	새들 → 백 테이크	Saddle to Back Take	전환	SG	가드 포지션	rec2TVw75b4AONjQ5
reckZRZzP6W5c6XHM	SCE-12	고스트 이스케이프	Ghost Escape	이스케이프	SCE	이스케이프	
recl4eEBzwJ11D1Hd	BC-05	백 시스템 초크 콤보	Systematic Back Attack Choke Combo	서브미션	BC	탑 포지션	recULMLJ1l6t7ljTI
recm45rFRXxKFgig1	KG-13	K가드 토홀드	K Guard Toe Hold	서브미션	KG	가드 포지션	recNlBU8ydgmIaNO6
recmD8QDyS79wiLKJ	KNBE-20	가드 리커버리	Guard Recovery	전환	KNBE	이스케이프	
recmtJ2Ivid7YEfIO	GBDLR	데라리바 가드 브레이크	De La Riva Guard Breaking	패스	GB	탑 포지션	
recnBlpAACmS2CuRM	SG-13	새들 토홀드	Saddle Toe Hold	서브미션	SG	가드 포지션	rec2TVw75b4AONjQ5
recnDqf7xZbWdKptJ	SP-03	트라이포드 스윕	Tripod Sweep	스윕	SP	가드 포지션	
recnM101EziFbVhog	SG-10	새들 인사이드 힐훅	Saddle Inside Heel Hook	서브미션	SG	가드 포지션	rec2TVw75b4AONjQ5
recoEg8eqhQBuoaa9	RDLR-12	RDLR 힐훅 진입	RDLR Heel Hook Entry	서브미션	RDLR	가드 포지션	recBJHkMV2xJ2O2Hh
recoTtzCz7bC3AU38	HG-10	하프 가드 기무라	Half Guard Kimura	서브미션	HG	가드 포지션	
recofWKInU14LzO0G	BD	백 디펜스	Back Defense	이스케이프		이스케이프	
recouAjKFGQca97QK	NSE-21	역공 니 슬라이스 진입	Counter Knee Slice Entry	전환	NSE	이스케이프	
recpB71ccAI04rrhx	CG-04	플라워 스윕	Flower Sweep	스윕	CG	가드 포지션	recF6GerAPtr1HIjj
recpFdN286SpaKkND	HG-15	록다운 카프 크러셔	Lockdown Calf Crusher	서브미션	HG	가드 포지션	
recpHNW8p4p8EWnd6	KNBE-10	턴인 쉬림프 이스케이프	Turn-In Shrimp Escape	이스케이프	KNBE	이스케이프	
recpJLZ3F5pc2OLmO	FF-01	기본 50/50 스윕	Basic 50/50 Sweep	스윕	FF	가드 포지션	receWCXuLUVyoOM4n
recpbMYcXhArO2MQg	TD-11	오소토 가리	O-Soto Gari	테이크다운	TD	스탠딩	
recpblmHG3YVtV3KO	ME-02	엘보우-니 쉬림핑 준비	Elbow-Knee Shrimping Setup	서바이벌	ME	이스케이프	
recqIoqH2fzybGqoT	TD-08	덕 언더	Duck Under	테이크다운	TD	스탠딩	
recqcADwzYiN6OwQ6	CG-15	오버훅 펀치 초크	Punch Choke	서브미션	CG	가드 포지션	recF6GerAPtr1HIjj
recqgxnli8M1POBBC	NS-13	노스사우스 → 레그 엔탱글 전환	North-South to Leg Entanglement	전환	NS	탑 포지션	
recqskG42gwadjV9X	BC-01	리어 네이키드 초크 (RNC)	Rear Naked Choke	서브미션	BC	탑 포지션	recULMLJ1l6t7ljTI
recr2LBP90Chyg0rS	HG-12	암 트라이앵글	Arm Triangle (Half Guard)	서브미션	HG	가드 포지션	
recrNATFHM4u2esG2	XG-02	푸시백 스윕	Push Back Sweep	스윕	XG	가드 포지션	recjRbC4XwwiMKWNh
recrVkz8zxLnRCoe7	LS-10	라소 트라이앵글	Lasso Triangle	서브미션	LS	가드 포지션	
recrrFXCoXiuk6wQa	HG-03	도그 파이트 백 테이크	Dog Fight Back Take	스윕	HG	가드 포지션	
recsDPsuINa28aawL	GBSP-01	소매 제거 브레이크	Sleeve Removal Break	패스	GBSP	탑 포지션	
recsJYYz53vARHnY6	NS-11	마운트 전환 (노스-사우스)	North-South to Mount	전환	NS	탑 포지션	
recsVLtw4JVRaPppS	GP-12	오버/언더 패스	Over Under Pass	패스	GP	탑 포지션	
recseSFi8pFYPHyf8	LS-11	라소 오모플라타	Lasso Omoplata	서브미션	LS	가드 포지션	
recsq1hMYZrnuVEGm	DLR-03	웨이터 스윕	Waiter Sweep	스윕	DLR	가드 포지션	recBJHkMV2xJ2O2Hh
recstwjkYq6B8MVhj	SP-22	스파이더 X가드 전환	Spider to X-Guard Transition	전환	SP	가드 포지션	
recszJk2bVhs6ZiGJ	SLX-11	아웃사이드 힐훅	Outside Heel Hook	서브미션	SLX	가드 포지션	rec2TVw75b4AONjQ5
rectEDKGvgswEAZUm	ME-21	역공 트라이앵글 셋업	Counter Triangle Setup from Mount	전환	ME	이스케이프	
rectFhNxkU9YnnKBc	TD-03	앵클 픽	Ankle Pick	테이크다운	TD	스탠딩	
rectHkO103qvWWECb	KG-12	니바	Kneebar from K Guard	서브미션	KG	가드 포지션	
rectOsRLrxnNQCLN3	SLX-24	크랩 라이드 백테이크	Crab Ride Back Take	전환	SLX	가드 포지션	rec2TVw75b4AONjQ5
rectdXALGHdI1gsvG	SCE-11	언더훅 이스케이프	Underhook Escape	이스케이프	SCE	이스케이프	
rectloP1msVratfAw	GBSP-03	팝업 스핀 브레이크	Pop-Up Spin Break	패스	GBSP	탑 포지션	
rectuuFILM7DYMmHz	BF-21	버터플라이 → 싱글 레그 X 전환	Butterfly to Single Leg X Transition	전환	BF	가드 포지션	reccxwyAH6feJeCfT
rectv3zTmdnUSOKm2	LS	라소 가드	Lasso Guard	컨트롤		가드 포지션	
rectwwnBsDncfrjUo	TD-20	클린치 기본	Clinch Basics	전환	TD	스탠딩	
recu1EeY5RDi6wGFr	BF-20	버터플라이 → X가드 전환	Butterfly to X-Guard Transition	전환	BF	가드 포지션	reccxwyAH6feJeCfT
recu5MYAdMv1GzlM8	GBBF-02	사이드 스텝 브레이크	Side Step Break	패스	GBBF	탑 포지션	
recuD22tE5YdyXHLn	DLR-10	DLR 오모플라타	DLR Omoplata	서브미션	DLR	가드 포지션	
recuLqW6rIUITq7Ss	MT-10	백 테이크 (마운트에서)	Back Take from Mount	전환	MT	탑 포지션	recULMLJ1l6t7ljTI
recvRNKtU2rKoV9sQ	ME-12	하이 마운트 이스케이프	High Mount Escape	이스케이프	ME	이스케이프	
recvW1ZySP8wKsksr	NSE-01	팔꿈치 프레임 + 브릿지	Elbow Frame + Bridge	서바이벌	NSE	이스케이프	
recvdGcLm26yDLDYM	HG-13	다르스 초크	Darce Choke (Half Guard)	서브미션	HG	가드 포지션	
recvzUWnD7jyYURD6	SP-10	스파이더 트라이앵글	Spider Guard Triangle	서브미션	SP	가드 포지션	
recw0w5HCaZ1ButeS	NS-10	사이드 컨트롤 전환 (노스-사우스)	North-South to Side Control	전환	NS	탑 포지션	
recw3CCx0P5YtIMDM	CG-02	시저 스윕	Scissor Sweep	스윕	CG	가드 포지션	recF6GerAPtr1HIjj
recwLjKBHafUgvGQj	FF-25	임아나리 롤 → 인사이드 힐훅	Imanari Roll to Inside Heel Hook	서브미션	FF	가드 포지션	receWCXuLUVyoOM4n
recwTwlJAyd9AEVli	GP-15	레그드래그 패스	Leg Drag Pass	패스	GP	탑 포지션	recllgUJ1rcdNWTzU
recwdkqbg53ZRj3fP	BC-20	백 컨트롤 기본	Basic Back Control	컨트롤	BC	탑 포지션	recULMLJ1l6t7ljTI
recx6eJBKUAfDz94M	GBCG-01	스탠드업 브레이크	Stand-Up Guard Break	패스	GBCG	탑 포지션	
recxURX5u0GUqHXAq	GBSP	스파이더 가드 브레이크	Spider Guard Breaking	패스	GB	탑 포지션	
recxcPYL74HPiFDX7	GP-14	니 슬라이스 패스	Knee Slice Pass	패스	GP	탑 포지션	recllgUJ1rcdNWTzU
recy93GxgQ5bY7Wcj	SCE-10	쉬림프 이스케이프	Shrimp Escape	이스케이프	SCE	이스케이프	
recyPmDYXFJtkwCAs	KNB-04	베이스볼 배트 초크	Baseball Bat Choke	서브미션	KNB	탑 포지션	
recyW5aWbuUhR9qlq	KNBE	니 온 벨리 이스케이프	Knee on Belly Escape	이스케이프		이스케이프	
recycNyEnfGttVBPT	LS-01	기본 라소 스윕	Lasso Sweep (Pant Grip)	스윕	LS	가드 포지션	
recygYXAq8kHTga03	XG	X가드	X Guard	컨트롤		가드 포지션	
recyisGtGGpZBLz9l	FF-14	50/50 카프 크러셔	50/50 Calf Crusher	서브미션	FF	가드 포지션	recNlBU8ydgmIaNO6
recysLR7GQ6XwSgap	KNB-11	백 테이크 (니 온 벨리)	Back Take from Knee on Belly	전환	KNB	탑 포지션	recULMLJ1l6t7ljTI
recz5X6U0kFcwc7J4	SLX-02	트위스팅 스윕	Twisting Sweep	스윕	SLX	가드 포지션	rec2TVw75b4AONjQ5
reczADR2gke8uHEsS	SG-02	새들 롤 오버 스윕	Saddle Roll Sweep	스윕	SG	가드 포지션	rec2TVw75b4AONjQ5
reczPOYO6MYblJCaO	SP-21	라소 가드	Lasso Guard	전환	SP	가드 포지션	
reczPePMtXgnp65pC	SLX-10	스트레이트 앵클락	Straight Ankle Lock	서브미션	SLX	가드 포지션	
reczSkqs8cIl8SBFh	GBLS-03	하이 스텝 브레이크	High Step Break	패스	GBLS	탑 포지션	
reczaClJoC0NvmOHc	DLR-22	DLR → X가드 전환	DLR to X-Guard Transition	전환	DLR	가드 포지션	recjRbC4XwwiMKWNh
reczxpyEen9TpRlYM	DLR-23	데라리바 기본 컨트롤·자세	De La Riva Basic Control	컨트롤	DLR	가드 포지션	
recSJkC9XReSOkgaX	CG-19	클로즈드 가드 트라이앵글	Triangle Choke from Closed Guard	서브미션	CG	가드 포지션	
recTjIQjLmIa177c7	CG-22	클로즈드 가드 오모플라타	Omoplata from Closed Guard	서브미션	CG	가드 포지션	
recHtGU068lLClCnI	BF-25	암드래그 (버터플라이)	Arm Drag from Butterfly Guard	전환	BF	가드 포지션	
recg8WtiwHdvsUwZq	BF-26	버터플라이 웨슬업	Butterfly Wrestle-Up	전환	BF	가드 포지션	
recUXn3gFScD6uUYu	DLR-11	암바 (데라리바)	Armbar from De La Riva	서브미션	DLR	가드 포지션	
recjRBcYYfxRf1Syw	DLR-24	크랩 라이드 백 테이크	Crab Ride Back Take (DLR)	전환	DLR	가드 포지션	
recD1gX8ruqwCapUY	DLR-05	DLR 오버헤드 스윕	DLR Overhead Sweep	스윕	DLR	가드 포지션	
rec8pBTUR9C1f7oey	DLR-25	DLR → SLX 전환	DLR to Single Leg X Transition	전환	DLR	가드 포지션	
recPkrYks2xThESmd	RDLR-13	플랫폼 암바 (RDLR)	Platform Armbar from Reverse De La Riva	서브미션	RDLR	가드 포지션	
reczcZkPWS6EmNr2d	RDLR-04	RDLR 시저 스윕	RDLR Scissor Sweep	스윕	RDLR	가드 포지션	
receDfjrjkNdzy487	RDLR-25	RDLR → SLX 전환	RDLR to Single Leg X Transition	전환	RDLR	가드 포지션	
recujzef23fScV1u7	KG-03	K가드 시저 스윕	K-Guard Scissor Sweep	스윕	KG	가드 포지션	
rec4BWEbf07YoomOO	KG-14	카프 커터 (K가드)	Calf Slicer from K-Guard	서브미션	KG	가드 포지션	
rechwXd6h4eX1dPeu	KG-25	백사이드 50/50 진입 (K가드)	Backside 50/50 Entry from K-Guard	전환	KG	가드 포지션	
recdYc2kVx9WyatAq	KNB-13	아메리카나 (니 온 벨리)	Americana from Knee on Belly	서브미션	KNB	탑 포지션	
reckKYGfSwuv7cHCm	KNB-14	다르스 초크 (니 온 벨리)	D'Arce Choke from Knee on Belly	서브미션	KNB	탑 포지션	
recfNFm1K2Ic1nnFK	MT-12	아메리카나 (마운트)	Americana from Mount	서브미션	MT	탑 포지션	
rectYqNGEssvzYKbS	MT-22	기술적 마운트	Technical Mount	컨트롤	MT	탑 포지션	
recqsxV3TkAnQRdRf	MT-13	마운트 삼각초크	Mounted Triangle	서브미션	MT	탑 포지션	
recK9VZbMGRUtd8UP	SC-12	아메리카나 (사이드 컨트롤)	Americana from Side Control	서브미션	SC	탑 포지션	
recCYZ9gYwmcvPAeF	SG-14	새들 카프 슬라이서	Calf Slicer from Saddle	서브미션	SG	가드 포지션	
rec9pYFAWeYjniG0L	SG-24	백사이드 50/50 진입 (새들)	Backside 50/50 Entry from Saddle	전환	SG	가드 포지션	
recvy4q1tNpSZ1rVn	SLX-25	SLX → X가드 전환	Single Leg X to X-Guard Transition	전환	SLX	가드 포지션	
reccTg54Hmhyiz4Ej	SLX-05	SLX 웨이터 스윕	SLX Waiter Sweep	스윕	SLX	가드 포지션	
recWMjOLKweEJfXwD	XG-10	X가드 니바	Knee Bar from X-Guard	서브미션	XG	가드 포지션	
recWcX3NHLeFBlsnD	HG-25	하프 가드 기무라 백 테이크	Half Guard Kimura Swing Back Take	전환	HG	가드 포지션	
rec1DDPzluo2LQnp4	HG-26	딥 하프 백 테이크	Deep Half Back Take	전환	HG	가드 포지션	
recQDQMunMkSMdEpg	HG-06	락다운 스윕	Lockdown Sweep (Electric Chair)	스윕	HG	가드 포지션	
reczvHBhsU1rB2dMv	LS-24	라소 백 테이크	Lasso Guard Back Take	전환	LS	가드 포지션	
recgw1j742JBGYWjO	LS-13	라소 엘보우 풀 오모플라타	Elbow Pull Omoplata from Lasso	서브미션	LS	가드 포지션	
recM2naAKYHigaAuB	LS-14	라소 스피닝 오모플라타	Spinning Omoplata from Lasso	서브미션	LS	가드 포지션	
recRn8vhI5BoVfVrB	SP-06	시클 스윕	Sickle Sweep (Spider Guard)	스윕	SP	가드 포지션	
rech47DCGmcaAlvGy	SP-13	스파이더 니바	Spider Guard Knee Bar	서브미션	SP	가드 포지션	
recmkVp2XSFHRzbeu	GP-02	백스텝 패스	Back Step Pass	패스	GP	탑 포지션	
recUEilz37AOAmF2U	GP-03	레그 위브 패스	Leg Weave Pass	패스	GP	탑 포지션	
recL6GXo3rqug2Rj6	BC-11	트라이앵글 (백 컨트롤)	Triangle from Back Control	서브미션	BC	탑 포지션	
